Company,Time Period,Revenue,Expenses,Profit,Description
Company A,1Q 2024,1000000,500000,500000,Company A is a leading provider of technology solutions.
Company B,1Q 2024,2000000,1500000,500000,Company B specializes in consumer goods and services.
Company C,1Q 2024,1500000,1000000,500000,Company C operates in the healthcare industry.
Company D,1Q 2024,2500000,2000000,500000,Company D is a global player in the automotive sector.
Company E,1Q 2024,3000000,2500000,500000,Company E provides financial services worldwide.
Company F,1Q 2024,3500000,3000000,500000,Company F is a leader in the food and beverage industry.
Company G,1Q 2024,4000000,3500000,500000,Company G offers consulting and business solutions.
Company H,1Q 2024,4500000,4000000,500000,Company H is a prominent player in the construction sector.
Company I,1Q 2024,5000000,4500000,500000,Company I operates in the real estate industry.
Company J,1Q 2024,5500000,5000000,500000,Company J provides educational services.
Company K,1Q 2024,6000000,5500000,500000,Company K is a major player in the telecommunications sector.
Company L,1Q 2024,6500000,6000000,500000,Company L specializes in renewable energy solutions.
Company M,1Q 2024,7000000,6500000,500000,Company M is a key player in the hospitality industry.
Company N,1Q 2024,7500000,7000000,500000,Company N offers logistics and transportation services.
Company O,1Q 2024,8000000,7500000,500000,Company O provides healthcare and medical services.
Company P,1Q 2024,8500000,8000000,500000,Company P is a leading manufacturer of electronics.
Company Q,1Q 2024,9000000,8500000,500000,Company Q offers software development and IT services.
Company R,1Q 2024,9500000,9000000,500000,Company R operates in the entertainment industry.
Company S,1Q 2024,10000000,9500000,500000,Company S specializes in agriculture and farming.
Company T,1Q 2024,10500000,10000000,500000,Company T is a key player in the chemical industry.
